year,election_type,district,ward,ed_num,ed_label,shapefile_key,Joel Feroleto,"Blank, Void, & Scattering",TOTAL,Darius G. Pridgen,Mitch Nowakowski,Raymond Brinson,Mohammed Jahangir Alam United Fillmore District,David P. Howard Choice,Sam Herbert,Bryan J. Bollman,Antionette T. Craig Lovejoy United 5,Ulysees O. Wingo,Veronica Golden,Nate Boyd,David A. Rivera,Mark T. Supples,Charley Tarr,Joseph Golombek Jr.,Christopher P. Scanlon,Rasheed N. Wyatt,Dorethea Franklin
2019,general,delaware,DEL,1,Del 001,Buffalo DEL 1,5.0,0,5,,,,,,,,,,,,,,,,,,
2019,general,delaware,DEL,2,Del 002,Buffalo DEL 2,317.0,78,395,,,,,,,,,,,,,,,,,,
2019,general,delaware,DEL,3,Del 003,Buffalo DEL 3,162.0,37,199,,,,,,,,,,,,,,,,,,
2019,general,delaware,DEL,4,Del 004,Buffalo DEL 4,113.0,32,145,,,,,,,,,,,,,,,,,,
2019,general,delaware,DEL,5,Del 005,Buffalo DEL 5,114.0,28,142,,,,,,,,,,,,,,,,,,
2019,general,delaware,DEL,6,Del 006,Buffalo DEL 6,113.0,19,132,,,,,,,,,,,,,,,,,,
2019,general,delaware,DEL,7,Del 007,Buffalo DEL 7,229.0,46,275,,,,,,,,,,,,,,,,,,
2019,general,delaware,DEL,8,Del 008,Buffalo DEL 8,232.0,62,294,,,,,,,,,,,,,,,,,,
2019,general,delaware,DEL,9,Del 009,Buffalo DEL 9,303.0,52,355,,,,,,,,,,,,,,,,,,
2019,general,delaware,DEL,10,Del 010,Buffalo DEL 10,104.0,19,123,,,,,,,,,,,,,,,,,,
2019,general,delaware,DEL,11,Del 011,Buffalo DEL 11,191.0,29,220,,,,,,,,,,,,,,,,,,
2019,general,delaware,DEL,12,Del 012,Buffalo DEL 12,197.0,32,229,,,,,,,,,,,,,,,,,,
2019,general,delaware,DEL,13,Del 013,Buffalo DEL 13,104.0,16,120,,,,,,,,,,,,,,,,,,
2019,general,delaware,DEL,14,Del 014,Buffalo DEL 14,134.0,35,169,,,,,,,,,,,,,,,,,,
2019,general,delaware,DEL,15,Del 015,Buffalo DEL 15,132.0,25,157,,,,,,,,,,,,,,,,,,
2019,general,delaware,DEL,16,Del 016,Buffalo DEL 16,296.0,49,345,,,,,,,,,,,,,,,,,,
2019,general,delaware,DEL,17,Del 017,Buffalo DEL 17,205.0,32,237,,,,,,,,,,,,,,,,,,
2019,general,delaware,DEL,18,Del 018,Buffalo DEL 18,88.0,27,115,,,,,,,,,,,,,,,,,,
2019,general,delaware,DEL,19,Del 019,Buffalo DEL 19,169.0,35,204,,,,,,,,,,,,,,,,,,
2019,general,delaware,DEL,20,Del 020,Buffalo DEL 20,142.0,31,173,,,,,,,,,,,,,,,,,,
2019,general,delaware,DEL,21,Del 021,Buffalo DEL 21,215.0,50,265,,,,,,,,,,,,,,,,,,
2019,general,delaware,DEL,22,Del 022,Buffalo DEL 22,116.0,23,139,,,,,,,,,,,,,,,,,,
2019,general,delaware,DEL,23,Del 023,Buffalo DEL 23,203.0,55,258,,,,,,,,,,,,,,,,,,
2019,general,delaware,DEL,24,Del 024,Buffalo DEL 24,155.0,30,185,,,,,,,,,,,,,,,,,,
2019,general,delaware,DEL,25,Del 025,Buffalo DEL 25,218.0,49,267,,,,,,,,,,,,,,,,,,
2019,general,delaware,DEL,26,Del 026,Buffalo DEL 26,209.0,33,242,,,,,,,,,,,,,,,,,,
2019,general,delaware,DEL,27,Del 027,Buffalo DEL 27,75.0,26,101,,,,,,,,,,,,,,,,,,
2019,general,delaware,DEL,28,Del 028,Buffalo DEL 28,129.0,33,162,,,,,,,,,,,,,,,,,,
2019,general,delaware,DEL,29,Del 029,Buffalo DEL 29,215.0,37,252,,,,,,,,,,,,,,,,,,
2019,general,delaware,DEL,30,Del 030,Buffalo DEL 30,268.0,51,319,,,,,,,,,,,,,,,,,,
2019,general,delaware,DEL,31,Del 031,Buffalo DEL 31,309.0,53,362,,,,,,,,,,,,,,,,,,
2019,general,delaware,DEL,32,Del 032,Buffalo DEL 32,267.0,84,351,,,,,,,,,,,,,,,,,,
2019,general,delaware,DEL,33,Del 033,Buffalo DEL 33,164.0,42,206,,,,,,,,,,,,,,,,,,
2019,general,delaware,DEL,34,Del 034,Buffalo DEL 34,202.0,47,249,,,,,,,,,,,,,,,,,,
2019,general,ellicott,ELL,1,Ell 001,Buffalo ELL 1,,77,388,311.0,,,,,,,,,,,,,,,,,
2019,general,ellicott,ELL,2,Ell 002,Buffalo ELL 2,,23,96,73.0,,,,,,,,,,,,,,,,,
2019,general,ellicott,ELL,3,Ell 003,Buffalo ELL 3,,40,207,167.0,,,,,,,,,,,,,,,,,
2019,general,ellicott,ELL,4,Ell 004,Buffalo ELL 4,,12,61,49.0,,,,,,,,,,,,,,,,,
2019,general,ellicott,ELL,5,Ell 005,Buffalo ELL 5,,9,43,34.0,,,,,,,,,,,,,,,,,
2019,general,ellicott,ELL,6,Ell 006,Buffalo ELL 6,,17,90,73.0,,,,,,,,,,,,,,,,,
2019,general,ellicott,ELL,7,Ell 007,Buffalo ELL 7,,6,72,66.0,,,,,,,,,,,,,,,,,
2019,general,ellicott,ELL,8,Ell 008,Buffalo ELL 8,,5,40,35.0,,,,,,,,,,,,,,,,,
2019,general,ellicott,ELL,9,Ell 009,Buffalo ELL 9,,7,46,39.0,,,,,,,,,,,,,,,,,
2019,general,ellicott,ELL,10,Ell 010,Buffalo ELL 10,,10,78,68.0,,,,,,,,,,,,,,,,,
2019,general,ellicott,ELL,11,Ell 011,Buffalo ELL 11,,7,92,85.0,,,,,,,,,,,,,,,,,
2019,general,ellicott,ELL,12,Ell 012,Buffalo ELL 12,,15,129,114.0,,,,,,,,,,,,,,,,,
2019,general,ellicott,ELL,13,Ell 013,Buffalo ELL 13,,16,116,100.0,,,,,,,,,,,,,,,,,
2019,general,ellicott,ELL,14,Ell 014,Buffalo ELL 14,,14,71,57.0,,,,,,,,,,,,,,,,,
2019,general,ellicott,ELL,15,Ell 015,Buffalo ELL 15,,35,105,70.0,,,,,,,,,,,,,,,,,
2019,general,ellicott,ELL,16,Ell 016,Buffalo ELL 16,,26,146,120.0,,,,,,,,,,,,,,,,,
2019,general,ellicott,ELL,17,Ell 017,Buffalo ELL 17,,3,63,60.0,,,,,,,,,,,,,,,,,
2019,general,ellicott,ELL,18,Ell 018,Buffalo ELL 18,,8,54,46.0,,,,,,,,,,,,,,,,,
2019,general,ellicott,ELL,19,Ell 019,Buffalo ELL 19,,10,176,166.0,,,,,,,,,,,,,,,,,
2019,general,ellicott,ELL,20,Ell 020,Buffalo ELL 20,,9,77,68.0,,,,,,,,,,,,,,,,,
2019,general,ellicott,ELL,21,Ell 021,Buffalo ELL 21,,15,115,100.0,,,,,,,,,,,,,,,,,
2019,general,ellicott,ELL,22,Ell 022,Buffalo ELL 22,,20,138,118.0,,,,,,,,,,,,,,,,,
2019,general,ellicott,ELL,23,Ell 023,Buffalo ELL 23,,10,88,78.0,,,,,,,,,,,,,,,,,
2019,general,ellicott,ELL,24,Ell 024,Buffalo ELL 24,,11,38,27.0,,,,,,,,,,,,,,,,,
2019,general,ellicott,ELL,25,Ell 025,Buffalo ELL 25,,16,97,81.0,,,,,,,,,,,,,,,,,
2019,general,ellicott,ELL,26,Ell 026,Buffalo ELL 26,,18,213,195.0,,,,,,,,,,,,,,,,,
2019,general,ellicott,ELL,27,Ell 027,Buffalo ELL 27,,12,104,92.0,,,,,,,,,,,,,,,,,
2019,general,ellicott,ELL,28,Ell 028,Buffalo ELL 28,,12,100,88.0,,,,,,,,,,,,,,,,,
2019,general,ellicott,ELL,29,Ell 029,Buffalo ELL 29,,21,221,200.0,,,,,,,,,,,,,,,,,
2019,general,ellicott,ELL,30,Ell 030,Buffalo ELL 30,,9,50,41.0,,,,,,,,,,,,,,,,,
2019,general,ellicott,ELL,31,Ell 031,Buffalo ELL 31,,14,183,169.0,,,,,,,,,,,,,,,,,
2019,general,ellicott,ELL,32,Ell 032,Buffalo ELL 32,,8,60,52.0,,,,,,,,,,,,,,,,,
2019,general,ellicott,ELL,33,Ell 033,Buffalo ELL 33,,25,103,78.0,,,,,,,,,,,,,,,,,
2019,general,ellicott,ELL,34,Ell 034,Buffalo ELL 34,,11,54,43.0,,,,,,,,,,,,,,,,,
2019,general,ellicott,ELL,35,Ell 035,Buffalo ELL 35,,34,142,108.0,,,,,,,,,,,,,,,,,
2019,general,ellicott,ELL,36,Ell 036,Buffalo ELL 36,,19,54,35.0,,,,,,,,,,,,,,,,,
2019,general,fillmore,FIL,1,Fil 001,Buffalo FIL 1,,16,201,,161.0,12.0,11.0,1.0,0.0,,,,,,,,,,,,
2019,general,fillmore,FIL,2,Fil 002,Buffalo FIL 2,,5,160,,136.0,10.0,9.0,0.0,0.0,,,,,,,,,,,,
2019,general,fillmore,FIL,3,Fil 003,Buffalo FIL 3,,5,135,,107.0,12.0,9.0,2.0,0.0,,,,,,,,,,,,
2019,general,fillmore,FIL,4,Fil 004,Buffalo FIL 4,,5,75,,59.0,9.0,2.0,0.0,0.0,,,,,,,,,,,,
2019,general,fillmore,FIL,5,Fil 005,Buffalo FIL 5,,13,136,,100.0,14.0,7.0,2.0,0.0,,,,,,,,,,,,
2019,general,fillmore,FIL,6,Fil 006,Buffalo FIL 6,,1,49,,41.0,7.0,0.0,0.0,0.0,,,,,,,,,,,,
2019,general,fillmore,FIL,7,Fil 007,Buffalo FIL 7,,6,97,,78.0,8.0,2.0,3.0,0.0,,,,,,,,,,,,
2019,general,fillmore,FIL,8,Fil 008,Buffalo FIL 8,,20,275,,199.0,41.0,9.0,6.0,0.0,,,,,,,,,,,,
2019,general,fillmore,FIL,9,Fil 009,Buffalo FIL 9,,6,51,,25.0,14.0,6.0,0.0,0.0,,,,,,,,,,,,
2019,general,fillmore,FIL,10,Fil 010,Buffalo FIL 10,,20,173,,100.0,46.0,5.0,2.0,0.0,,,,,,,,,,,,
2019,general,fillmore,FIL,11,Fil 011,Buffalo FIL 11,,35,221,,99.0,58.0,26.0,3.0,0.0,,,,,,,,,,,,
2019,general,fillmore,FIL,12,Fil 012,Buffalo FIL 12,,0,11,,11.0,0.0,0.0,0.0,0.0,,,,,,,,,,,,
2019,general,fillmore,FIL,13,Fil 013,Buffalo FIL 13,,22,265,,190.0,49.0,3.0,1.0,0.0,,,,,,,,,,,,
2019,general,fillmore,FIL,14,Fil 014,Buffalo FIL 14,,18,151,,103.0,23.0,3.0,4.0,0.0,,,,,,,,,,,,
2019,general,fillmore,FIL,15,Fil 015,Buffalo FIL 15,,23,99,,62.0,10.0,3.0,1.0,0.0,,,,,,,,,,,,
2019,general,fillmore,FIL,16,Fil 016,Buffalo FIL 16,,5,27,,18.0,2.0,1.0,1.0,0.0,,,,,,,,,,,,
2019,general,fillmore,FIL,17,Fil 017,Buffalo FIL 17,,2,28,,20.0,6.0,0.0,0.0,0.0,,,,,,,,,,,,
2019,general,fillmore,FIL,18,Fil 018,Buffalo FIL 18,,14,140,,81.0,26.0,15.0,3.0,1.0,,,,,,,,,,,,
2019,general,fillmore,FIL,19,Fil 019,Buffalo FIL 19,,12,143,,66.0,43.0,3.0,19.0,0.0,,,,,,,,,,,,
2019,general,fillmore,FIL,20,Fil 020,Buffalo FIL 20,,12,134,,63.0,50.0,4.0,5.0,0.0,,,,,,,,,,,,
2019,general,fillmore,FIL,21,Fil 021,Buffalo FIL 21,,12,61,,32.0,5.0,10.0,2.0,0.0,,,,,,,,,,,,
2019,general,fillmore,FIL,22,Fil 022,Buffalo FIL 22,,5,28,,17.0,4.0,0.0,2.0,0.0,,,,,,,,,,,,
2019,general,fillmore,FIL,23,Fil 023,Buffalo FIL 23,,4,36,,19.0,5.0,5.0,3.0,0.0,,,,,,,,,,,,
2019,general,fillmore,FIL,24,Fil 024,Buffalo FIL 24,,6,62,,22.0,7.0,25.0,2.0,0.0,,,,,,,,,,,,
2019,general,fillmore,FIL,25,Fil 025,Buffalo FIL 25,,6,113,,42.0,18.0,47.0,0.0,0.0,,,,,,,,,,,,
2019,general,fillmore,FIL,26,Fil 026,Buffalo FIL 26,,9,91,,29.0,6.0,44.0,3.0,0.0,,,,,,,,,,,,
2019,general,fillmore,FIL,27,Fil 027,Buffalo FIL 27,,8,171,,40.0,8.0,114.0,1.0,0.0,,,,,,,,,,,,
2019,general,fillmore,FIL,28,Fil 028,Buffalo FIL 28,,7,87,,35.0,26.0,19.0,0.0,0.0,,,,,,,,,,,,
2019,general,fillmore,FIL,29,Fil 029,Buffalo FIL 29,,24,98,,46.0,4.0,19.0,3.0,2.0,,,,,,,,,,,,
2019,general,fillmore,FIL,30,Fil 030,Buffalo FIL 30,,23,125,,49.0,6.0,45.0,2.0,0.0,,,,,,,,,,,,
2019,general,fillmore,FIL,31,Fil 031,Buffalo FIL 31,,13,118,,20.0,10.0,75.0,0.0,0.0,,,,,,,,,,,,
2019,general,fillmore,FIL,32,Fil 032,Buffalo FIL 32,,4,63,,39.0,8.0,10.0,2.0,0.0,,,,,,,,,,,,
2019,general,fillmore,FIL,33,Fil 033,Buffalo FIL 33,,8,89,,49.0,8.0,24.0,0.0,0.0,,,,,,,,,,,,
2019,general,fillmore,FIL,34,Fil 034,Buffalo FIL 34,,10,70,,24.0,22.0,13.0,1.0,0.0,,,,,,,,,,,,
2019,general,fillmore,FIL,35,Fil 035,Buffalo FIL 35,,9,76,,46.0,15.0,5.0,1.0,0.0,,,,,,,,,,,,
2019,general,lovejoy,LOV,1,Lov 001,Buffalo LOV 1,,7,53,,,,,,,35.0,11.0,,,,,,,,,,
2019,general,lovejoy,LOV,2,Lov 002,Buffalo LOV 2,,0,17,,,,,,,12.0,5.0,,,,,,,,,,
2019,general,lovejoy,LOV,3,Lov 003,Buffalo LOV 3,,18,120,,,,,,,73.0,29.0,,,,,,,,,,
2019,general,lovejoy,LOV,4,Lov 004,Buffalo LOV 4,,18,94,,,,,,,60.0,16.0,,,,,,,,,,
2019,general,lovejoy,LOV,5,Lov 005,Buffalo LOV 5,,8,92,,,,,,,64.0,20.0,,,,,,,,,,
2019,general,lovejoy,LOV,6,Lov 006,Buffalo LOV 6,,17,142,,,,,,,102.0,23.0,,,,,,,,,,
2019,general,lovejoy,LOV,7,Lov 007,Buffalo LOV 7,,8,42,,,,,,,22.0,12.0,,,,,,,,,,
2019,general,lovejoy,LOV,8,Lov 008,Buffalo LOV 8,,4,28,,,,,,,18.0,6.0,,,,,,,,,,
2019,general,lovejoy,LOV,9,Lov 009,Buffalo LOV 9,,7,94,,,,,,,71.0,16.0,,,,,,,,,,
2019,general,lovejoy,LOV,10,Lov 010,Buffalo LOV 10,,17,98,,,,,,,58.0,23.0,,,,,,,,,,
2019,general,lovejoy,LOV,11,Lov 011,Buffalo LOV 11,,8,47,,,,,,,22.0,17.0,,,,,,,,,,
2019,general,lovejoy,LOV,12,Lov 012,Buffalo LOV 12,,5,114,,,,,,,83.0,26.0,,,,,,,,,,
2019,general,lovejoy,LOV,13,Lov 013,Buffalo LOV 13,,20,122,,,,,,,83.0,19.0,,,,,,,,,,
2019,general,lovejoy,LOV,14,Lov 014,Buffalo LOV 14,,27,198,,,,,,,129.0,42.0,,,,,,,,,,
2019,general,lovejoy,LOV,15,Lov 015,Buffalo LOV 15,,9,56,,,,,,,42.0,5.0,,,,,,,,,,
2019,general,lovejoy,LOV,16,Lov 016,Buffalo LOV 16,,11,147,,,,,,,107.0,29.0,,,,,,,,,,
2019,general,lovejoy,LOV,17,Lov 017,Buffalo LOV 17,,7,136,,,,,,,113.0,16.0,,,,,,,,,,
2019,general,lovejoy,LOV,18,Lov 018,Buffalo LOV 18,,9,119,,,,,,,93.0,17.0,,,,,,,,,,
2019,general,lovejoy,LOV,19,Lov 019,Buffalo LOV 19,,8,66,,,,,,,45.0,13.0,,,,,,,,,,
2019,general,lovejoy,LOV,20,Lov 020,Buffalo LOV 20,,1,66,,,,,,,56.0,9.0,,,,,,,,,,
2019,general,lovejoy,LOV,21,Lov 021,Buffalo LOV 21,,5,57,,,,,,,49.0,3.0,,,,,,,,,,
2019,general,lovejoy,LOV,22,Lov 022,Buffalo LOV 22,,6,29,,,,,,,20.0,3.0,,,,,,,,,,
2019,general,lovejoy,LOV,23,Lov 023,Buffalo LOV 23,,7,86,,,,,,,70.0,9.0,,,,,,,,,,
2019,general,lovejoy,LOV,24,Lov 024,Buffalo LOV 24,,19,189,,,,,,,144.0,26.0,,,,,,,,,,
2019,general,lovejoy,LOV,25,Lov 025,Buffalo LOV 25,,1,2,,,,,,,1.0,0.0,,,,,,,,,,
2019,general,lovejoy,LOV,26,Lov 026,Buffalo LOV 26,,9,52,,,,,,,38.0,5.0,,,,,,,,,,
2019,general,lovejoy,LOV,27,Lov 027,Buffalo LOV 27,,2,16,,,,,,,14.0,0.0,,,,,,,,,,
2019,general,lovejoy,LOV,28,Lov 028,Buffalo LOV 28,,24,194,,,,,,,149.0,21.0,,,,,,,,,,
2019,general,lovejoy,LOV,29,Lov 029,Buffalo LOV 29,,19,192,,,,,,,156.0,17.0,,,,,,,,,,
2019,general,lovejoy,LOV,30,Lov 030,Buffalo LOV 30,,14,209,,,,,,,183.0,12.0,,,,,,,,,,
2019,general,lovejoy,LOV,31,Lov 031,Buffalo LOV 31,,18,171,,,,,,,127.0,26.0,,,,,,,,,,
2019,general,lovejoy,LOV,32,Lov 032,Buffalo LOV 32,,9,41,,,,,,,31.0,1.0,,,,,,,,,,
2019,general,masten,MAS,1,Mas 001,Buffalo MAS 1,,13,122,,,,,,,,,93.0,15.0,1.0,,,,,,,
2019,general,masten,MAS,2,Mas 002,Buffalo MAS 2,,10,80,,,,,,,,,31.0,38.0,1.0,,,,,,,
2019,general,masten,MAS,3,Mas 003,Buffalo MAS 3,,14,161,,,,,,,,,135.0,9.0,3.0,,,,,,,
2019,general,masten,MAS,4,Mas 004,Buffalo MAS 4,,10,114,,,,,,,,,89.0,8.0,7.0,,,,,,,
2019,general,masten,MAS,5,Mas 005,Buffalo MAS 5,,1,12,,,,,,,,,9.0,0.0,2.0,,,,,,,
2019,general,masten,MAS,6,Mas 006,Buffalo MAS 6,,7,53,,,,,,,,,40.0,2.0,4.0,,,,,,,
2019,general,masten,MAS,7,Mas 007,Buffalo MAS 7,,12,138,,,,,,,,,102.0,24.0,0.0,,,,,,,
2019,general,masten,MAS,8,Mas 008,Buffalo MAS 8,,10,76,,,,,,,,,52.0,13.0,1.0,,,,,,,
2019,general,masten,MAS,9,Mas 009,Buffalo MAS 9,,6,64,,,,,,,,,51.0,4.0,3.0,,,,,,,
2019,general,masten,MAS,10,Mas 010,Buffalo MAS 10,,8,66,,,,,,,,,49.0,8.0,1.0,,,,,,,
2019,general,masten,MAS,11,Mas 011,Buffalo MAS 11,,10,141,,,,,,,,,108.0,17.0,6.0,,,,,,,
2019,general,masten,MAS,12,Mas 012,Buffalo MAS 12,,14,143,,,,,,,,,109.0,14.0,6.0,,,,,,,
2019,general,masten,MAS,13,Mas 013,Buffalo MAS 13,,11,101,,,,,,,,,81.0,9.0,0.0,,,,,,,
2019,general,masten,MAS,14,Mas 014,Buffalo MAS 14,,5,76,,,,,,,,,50.0,18.0,3.0,,,,,,,
2019,general,masten,MAS,15,Mas 015,Buffalo MAS 15,,9,75,,,,,,,,,60.0,5.0,1.0,,,,,,,
2019,general,masten,MAS,16,Mas 016,Buffalo MAS 16,,12,51,,,,,,,,,34.0,4.0,1.0,,,,,,,
2019,general,masten,MAS,17,Mas 017,Buffalo MAS 17,,19,114,,,,,,,,,69.0,24.0,2.0,,,,,,,
2019,general,masten,MAS,18,Mas 018,Buffalo MAS 18,,4,70,,,,,,,,,52.0,8.0,6.0,,,,,,,
2019,general,masten,MAS,19,Mas 019,Buffalo MAS 19,,13,91,,,,,,,,,54.0,23.0,1.0,,,,,,,
2019,general,masten,MAS,20,Mas 020,Buffalo MAS 20,,23,140,,,,,,,,,104.0,11.0,2.0,,,,,,,
2019,general,masten,MAS,21,Mas 021,Buffalo MAS 21,,11,90,,,,,,,,,66.0,12.0,1.0,,,,,,,
2019,general,masten,MAS,22,Mas 022,Buffalo MAS 22,,11,83,,,,,,,,,54.0,15.0,3.0,,,,,,,
2019,general,masten,MAS,23,Mas 023,Buffalo MAS 23,,22,209,,,,,,,,,126.0,50.0,11.0,,,,,,,
2019,general,masten,MAS,24,Mas 024,Buffalo MAS 24,,20,203,,,,,,,,,123.0,51.0,9.0,,,,,,,
2019,general,masten,MAS,25,Mas 025,Buffalo MAS 25,,12,83,,,,,,,,,50.0,12.0,9.0,,,,,,,
2019,general,masten,MAS,26,Mas 026,Buffalo MAS 26,,8,62,,,,,,,,,43.0,8.0,3.0,,,,,,,
2019,general,masten,MAS,27,Mas 027,Buffalo MAS 27,,30,173,,,,,,,,,107.0,25.0,11.0,,,,,,,
2019,general,masten,MAS,28,Mas 028,Buffalo MAS 28,,14,102,,,,,,,,,64.0,21.0,3.0,,,,,,,
2019,general,masten,MAS,29,Mas 029,Buffalo MAS 29,,9,109,,,,,,,,,77.0,19.0,4.0,,,,,,,
2019,general,masten,MAS,30,Mas 030,Buffalo MAS 30,,19,74,,,,,,,,,41.0,12.0,2.0,,,,,,,
2019,general,masten,MAS,31,Mas 031,Buffalo MAS 31,,3,32,,,,,,,,,26.0,2.0,1.0,,,,,,,
2019,general,masten,MAS,32,Mas 032,Buffalo MAS 32,,20,98,,,,,,,,,74.0,3.0,1.0,,,,,,,
2019,general,masten,MAS,33,Mas 033,Buffalo MAS 33,,22,152,,,,,,,,,108.0,16.0,6.0,,,,,,,
2019,general,masten,MAS,34,Mas 034,Buffalo MAS 34,,7,39,,,,,,,,,24.0,6.0,2.0,,,,,,,
2019,general,masten,MAS,35,Mas 035,Buffalo MAS 35,,14,79,,,,,,,,,56.0,7.0,2.0,,,,,,,
2019,general,masten,MAS,36,Mas 036,Buffalo MAS 36,,8,63,,,,,,,,,46.0,8.0,1.0,,,,,,,
2019,general,masten,MAS,37,Mas 037,Buffalo MAS 37,,1,19,,,,,,,,,15.0,2.0,1.0,,,,,,,
2019,general,masten,MAS,38,Mas 038,Buffalo MAS 38,,6,97,,,,,,,,,80.0,10.0,1.0,,,,,,,
2019,general,masten,MAS,39,Mas 039,Buffalo MAS 39,,2,19,,,,,,,,,15.0,2.0,0.0,,,,,,,
2019,general,masten,MAS,40,Mas 040,Buffalo MAS 40,,10,72,,,,,,,,,49.0,10.0,3.0,,,,,,,
2019,general,masten,MAS,41,Mas 041,Buffalo MAS 41,,7,35,,,,,,,,,25.0,1.0,2.0,,,,,,,
2019,general,masten,MAS,42,Mas 042,Buffalo MAS 42,,13,103,,,,,,,,,67.0,15.0,8.0,,,,,,,
2019,general,niagara,NIA,1,Nia 001,Buffalo NIA 1,,2,87,,,,,,,,,,,,61.0,21.0,3.0,,,,
2019,general,niagara,NIA,2,Nia 002,Buffalo NIA 2,,6,194,,,,,,,,,,,,132.0,39.0,17.0,,,,
2019,general,niagara,NIA,3,Nia 003,Buffalo NIA 3,,1,55,,,,,,,,,,,,31.0,18.0,5.0,,,,
2019,general,niagara,NIA,4,Nia 004,Buffalo NIA 4,,1,27,,,,,,,,,,,,22.0,2.0,2.0,,,,
2019,general,niagara,NIA,5,Nia 005,Buffalo NIA 5,,16,209,,,,,,,,,,,,144.0,31.0,18.0,,,,
2019,general,niagara,NIA,6,Nia 006,Buffalo NIA 6,,1,173,,,,,,,,,,,,124.0,39.0,9.0,,,,
2019,general,niagara,NIA,7,Nia 007,Buffalo NIA 7,,1,100,,,,,,,,,,,,86.0,10.0,3.0,,,,
2019,general,niagara,NIA,8,Nia 008,Buffalo NIA 8,,10,163,,,,,,,,,,,,138.0,11.0,4.0,,,,
2019,general,niagara,NIA,9,Nia 009,Buffalo NIA 9,,4,264,,,,,,,,,,,,213.0,37.0,10.0,,,,
2019,general,niagara,NIA,10,Nia 010,Buffalo NIA 10,,6,75,,,,,,,,,,,,58.0,10.0,1.0,,,,
2019,general,niagara,NIA,11,Nia 011,Buffalo NIA 11,,4,85,,,,,,,,,,,,66.0,11.0,4.0,,,,
2019,general,niagara,NIA,12,Nia 012,Buffalo NIA 12,,1,120,,,,,,,,,,,,92.0,26.0,1.0,,,,
2019,general,niagara,NIA,13,Nia 013,Buffalo NIA 13,,3,94,,,,,,,,,,,,77.0,10.0,4.0,,,,
2019,general,niagara,NIA,14,Nia 014,Buffalo NIA 14,,5,183,,,,,,,,,,,,131.0,38.0,9.0,,,,
2019,general,niagara,NIA,15,Nia 015,Buffalo NIA 15,,3,69,,,,,,,,,,,,52.0,12.0,2.0,,,,
2019,general,niagara,NIA,16,Nia 016,Buffalo NIA 16,,10,155,,,,,,,,,,,,121.0,21.0,3.0,,,,
2019,general,niagara,NIA,17,Nia 017,Buffalo NIA 17,,2,56,,,,,,,,,,,,45.0,5.0,4.0,,,,
2019,general,niagara,NIA,18,Nia 018,Buffalo NIA 18,,9,286,,,,,,,,,,,,215.0,48.0,14.0,,,,
2019,general,niagara,NIA,19,Nia 019,Buffalo NIA 19,,12,429,,,,,,,,,,,,276.0,127.0,14.0,,,,
2019,general,niagara,NIA,20,Nia 020,Buffalo NIA 20,,1,33,,,,,,,,,,,,22.0,7.0,3.0,,,,
2019,general,niagara,NIA,21,Nia 021,Buffalo NIA 21,,8,214,,,,,,,,,,,,146.0,49.0,11.0,,,,
2019,general,niagara,NIA,22,Nia 022,Buffalo NIA 22,,1,72,,,,,,,,,,,,56.0,11.0,4.0,,,,
2019,general,niagara,NIA,23,Nia 023,Buffalo NIA 23,,0,98,,,,,,,,,,,,79.0,16.0,3.0,,,,
2019,general,niagara,NIA,24,Nia 024,Buffalo NIA 24,,3,195,,,,,,,,,,,,155.0,23.0,14.0,,,,
2019,general,niagara,NIA,25,Nia 025,Buffalo NIA 25,,10,273,,,,,,,,,,,,213.0,44.0,6.0,,,,
2019,general,niagara,NIA,26,Nia 026,Buffalo NIA 26,,10,120,,,,,,,,,,,,80.0,25.0,5.0,,,,
2019,general,niagara,NIA,27,Nia 027,Buffalo NIA 27,,4,59,,,,,,,,,,,,40.0,11.0,4.0,,,,
2019,general,niagara,NIA,28,Nia 028,Buffalo NIA 28,,7,145,,,,,,,,,,,,92.0,38.0,8.0,,,,
2019,general,north,NOR,1,Nor 001,Buffalo NOR 1,,19,132,,,,,,,,,,,,,,,113.0,,,
2019,general,north,NOR,2,Nor 002,Buffalo NOR 2,,18,142,,,,,,,,,,,,,,,124.0,,,
2019,general,north,NOR,3,Nor 003,Buffalo NOR 3,,10,63,,,,,,,,,,,,,,,53.0,,,
2019,general,north,NOR,4,Nor 004,Buffalo NOR 4,,20,106,,,,,,,,,,,,,,,86.0,,,
2019,general,north,NOR,5,Nor 005,Buffalo NOR 5,,12,106,,,,,,,,,,,,,,,94.0,,,
2019,general,north,NOR,6,Nor 006,Buffalo NOR 6,,16,91,,,,,,,,,,,,,,,75.0,,,
2019,general,north,NOR,7,Nor 007,Buffalo NOR 7,,13,74,,,,,,,,,,,,,,,61.0,,,
2019,general,north,NOR,8,Nor 008,Buffalo NOR 8,,2,17,,,,,,,,,,,,,,,15.0,,,
2019,general,north,NOR,9,Nor 009,Buffalo NOR 9,,20,138,,,,,,,,,,,,,,,118.0,,,
2019,general,north,NOR,10,Nor 010,Buffalo NOR 10,,12,96,,,,,,,,,,,,,,,84.0,,,
2019,general,north,NOR,11,Nor 011,Buffalo NOR 11,,16,154,,,,,,,,,,,,,,,138.0,,,
2019,general,north,NOR,12,Nor 012,Buffalo NOR 12,,21,148,,,,,,,,,,,,,,,127.0,,,
2019,general,north,NOR,13,Nor 013,Buffalo NOR 13,,12,100,,,,,,,,,,,,,,,88.0,,,
2019,general,north,NOR,14,Nor 014,Buffalo NOR 14,,10,51,,,,,,,,,,,,,,,41.0,,,
2019,general,north,NOR,15,Nor 015,Buffalo NOR 15,,8,30,,,,,,,,,,,,,,,22.0,,,
2019,general,north,NOR,16,Nor 016,Buffalo NOR 16,,18,95,,,,,,,,,,,,,,,77.0,,,
2019,general,north,NOR,17,Nor 017,Buffalo NOR 17,,12,107,,,,,,,,,,,,,,,95.0,,,
2019,general,north,NOR,18,Nor 018,Buffalo NOR 18,,16,121,,,,,,,,,,,,,,,105.0,,,
2019,general,north,NOR,19,Nor 019,Buffalo NOR 19,,12,98,,,,,,,,,,,,,,,86.0,,,
2019,general,north,NOR,20,Nor 020,Buffalo NOR 20,,43,300,,,,,,,,,,,,,,,257.0,,,
2019,general,north,NOR,21,Nor 021,Buffalo NOR 21,,17,104,,,,,,,,,,,,,,,87.0,,,
2019,general,north,NOR,22,Nor 022,Buffalo NOR 22,,8,57,,,,,,,,,,,,,,,49.0,,,
2019,general,north,NOR,23,Nor 023,Buffalo NOR 23,,38,274,,,,,,,,,,,,,,,236.0,,,
2019,general,north,NOR,24,Nor 024,Buffalo NOR 24,,18,195,,,,,,,,,,,,,,,177.0,,,
2019,general,north,NOR,25,Nor 025,Buffalo NOR 25,,6,52,,,,,,,,,,,,,,,46.0,,,
2019,general,north,NOR,26,Nor 026,Buffalo NOR 26,,7,27,,,,,,,,,,,,,,,20.0,,,
2019,general,north,NOR,27,Nor 027,Buffalo NOR 27,,7,37,,,,,,,,,,,,,,,30.0,,,
2019,general,south,SOU,1,Sou 001,Buffalo SOU 1,,20,51,,,,,,,,,,,,,,,,31.0,,
2019,general,south,SOU,2,Sou 002,Buffalo SOU 2,,53,277,,,,,,,,,,,,,,,,224.0,,
2019,general,south,SOU,3,Sou 003,Buffalo SOU 3,,24,134,,,,,,,,,,,,,,,,110.0,,
2019,general,south,SOU,4,Sou 004,Buffalo SOU 4,,19,138,,,,,,,,,,,,,,,,119.0,,
2019,general,south,SOU,5,Sou 005,Buffalo SOU 5,,54,229,,,,,,,,,,,,,,,,175.0,,
2019,general,south,SOU,6,Sou 006,Buffalo SOU 6,,24,126,,,,,,,,,,,,,,,,102.0,,
2019,general,south,SOU,7,Sou 007,Buffalo SOU 7,,10,98,,,,,,,,,,,,,,,,88.0,,
2019,general,south,SOU,8,Sou 008,Buffalo SOU 8,,28,142,,,,,,,,,,,,,,,,114.0,,
2019,general,south,SOU,9,Sou 009,Buffalo SOU 9,,38,164,,,,,,,,,,,,,,,,126.0,,
2019,general,south,SOU,10,Sou 010,Buffalo SOU 10,,23,121,,,,,,,,,,,,,,,,98.0,,
2019,general,south,SOU,11,Sou 011,Buffalo SOU 11,,70,328,,,,,,,,,,,,,,,,258.0,,
2019,general,south,SOU,12,Sou 012,Buffalo SOU 12,,30,175,,,,,,,,,,,,,,,,145.0,,
2019,general,south,SOU,13,Sou 013,Buffalo SOU 13,,27,137,,,,,,,,,,,,,,,,110.0,,
2019,general,south,SOU,14,Sou 014,Buffalo SOU 14,,11,158,,,,,,,,,,,,,,,,147.0,,
2019,general,south,SOU,15,Sou 015,Buffalo SOU 15,,12,112,,,,,,,,,,,,,,,,100.0,,
2019,general,south,SOU,16,Sou 016,Buffalo SOU 16,,53,215,,,,,,,,,,,,,,,,162.0,,
2019,general,south,SOU,17,Sou 017,Buffalo SOU 17,,30,252,,,,,,,,,,,,,,,,222.0,,
2019,general,south,SOU,18,Sou 018,Buffalo SOU 18,,36,256,,,,,,,,,,,,,,,,220.0,,
2019,general,south,SOU,19,Sou 019,Buffalo SOU 19,,22,69,,,,,,,,,,,,,,,,47.0,,
2019,general,south,SOU,20,Sou 020,Buffalo SOU 20,,25,103,,,,,,,,,,,,,,,,78.0,,
2019,general,south,SOU,21,Sou 021,Buffalo SOU 21,,10,100,,,,,,,,,,,,,,,,90.0,,
2019,general,south,SOU,22,Sou 022,Buffalo SOU 22,,33,154,,,,,,,,,,,,,,,,121.0,,
2019,general,south,SOU,23,Sou 023,Buffalo SOU 23,,37,217,,,,,,,,,,,,,,,,180.0,,
2019,general,south,SOU,24,Sou 024,Buffalo SOU 24,,57,278,,,,,,,,,,,,,,,,221.0,,
2019,general,south,SOU,25,Sou 025,Buffalo SOU 25,,62,388,,,,,,,,,,,,,,,,326.0,,
2019,general,south,SOU,26,Sou 026,Buffalo SOU 26,,35,155,,,,,,,,,,,,,,,,120.0,,
2019,general,south,SOU,27,Sou 027,Buffalo SOU 27,,40,169,,,,,,,,,,,,,,,,129.0,,
2019,general,south,SOU,28,Sou 028,Buffalo SOU 28,,57,357,,,,,,,,,,,,,,,,300.0,,
2019,general,south,SOU,29,Sou 029,Buffalo SOU 29,,28,122,,,,,,,,,,,,,,,,94.0,,
2019,general,south,SOU,30,Sou 030,Buffalo SOU 30,,46,279,,,,,,,,,,,,,,,,233.0,,
2019,general,university,UNI,1,Uni 001,Buffalo UNI 1,,16,101,,,,,,,,,,,,,,,,,71.0,14.0
2019,general,university,UNI,2,Uni 002,Buffalo UNI 2,,19,214,,,,,,,,,,,,,,,,,151.0,44.0
2019,general,university,UNI,3,Uni 003,Buffalo UNI 3,,33,265,,,,,,,,,,,,,,,,,174.0,58.0
2019,general,university,UNI,4,Uni 004,Buffalo UNI 4,,9,128,,,,,,,,,,,,,,,,,100.0,19.0
2019,general,university,UNI,5,Uni 005,Buffalo UNI 5,,23,183,,,,,,,,,,,,,,,,,125.0,35.0
2019,general,university,UNI,6,Uni 006,Buffalo UNI 6,,7,67,,,,,,,,,,,,,,,,,42.0,18.0
2019,general,university,UNI,7,Uni 007,Buffalo UNI 7,,48,329,,,,,,,,,,,,,,,,,229.0,52.0
2019,general,university,UNI,8,Uni 008,Buffalo UNI 8,,5,52,,,,,,,,,,,,,,,,,36.0,11.0
2019,general,university,UNI,9,Uni 009,Buffalo UNI 9,,4,51,,,,,,,,,,,,,,,,,38.0,9.0
2019,general,university,UNI,10,Uni 010,Buffalo UNI 10,,18,261,,,,,,,,,,,,,,,,,221.0,22.0
2019,general,university,UNI,11,Uni 011,Buffalo UNI 11,,21,136,,,,,,,,,,,,,,,,,109.0,6.0
2019,general,university,UNI,12,Uni 012,Buffalo UNI 12,,22,267,,,,,,,,,,,,,,,,,231.0,14.0
2019,general,university,UNI,13,Uni 013,Buffalo UNI 13,,22,213,,,,,,,,,,,,,,,,,176.0,15.0
2019,general,university,UNI,14,Uni 014,Buffalo UNI 14,,19,132,,,,,,,,,,,,,,,,,105.0,8.0
2019,general,university,UNI,15,Uni 015,Buffalo UNI 15,,11,150,,,,,,,,,,,,,,,,,133.0,6.0
2019,general,university,UNI,16,Uni 016,Buffalo UNI 16,,16,158,,,,,,,,,,,,,,,,,130.0,12.0
2019,general,university,UNI,17,Uni 017,Buffalo UNI 17,,19,133,,,,,,,,,,,,,,,,,107.0,7.0
2019,general,university,UNI,18,Uni 018,Buffalo UNI 18,,5,54,,,,,,,,,,,,,,,,,46.0,3.0
2019,general,university,UNI,19,Uni 019,Buffalo UNI 19,,12,133,,,,,,,,,,,,,,,,,113.0,8.0
2019,general,university,UNI,20,Uni 020,Buffalo UNI 20,,14,123,,,,,,,,,,,,,,,,,105.0,4.0
2019,general,university,UNI,21,Uni 021,Buffalo UNI 21,,7,174,,,,,,,,,,,,,,,,,158.0,9.0
2019,general,university,UNI,22,Uni 022,Buffalo UNI 22,,11,130,,,,,,,,,,,,,,,,,111.0,8.0
2019,general,university,UNI,23,Uni 023,Buffalo UNI 23,,16,111,,,,,,,,,,,,,,,,,92.0,3.0
2019,general,university,UNI,24,Uni 024,Buffalo UNI 24,,18,170,,,,,,,,,,,,,,,,,149.0,3.0
2019,general,university,UNI,25,Uni 025,Buffalo UNI 25,,20,227,,,,,,,,,,,,,,,,,191.0,16.0
2019,general,university,UNI,26,Uni 026,Buffalo UNI 26,,17,132,,,,,,,,,,,,,,,,,108.0,7.0
2019,general,university,UNI,27,Uni 027,Buffalo UNI 27,,4,70,,,,,,,,,,,,,,,,,62.0,4.0
