year,election_type,ward,ed_num,ed_label,shapefile_key,Byron W. Brown,Sergio R. Rodriguez,"Blank, Void & Scattering",TOTAL
2013,general,DEL,1,1st District ……………,Buffalo DEL 1,3,2,0,5
2013,general,DEL,2,2nd District ……………,Buffalo DEL 2,214,134,13,361
2013,general,DEL,3,3rd District ……………,Buffalo DEL 3,119,63,12,194
2013,general,DEL,4,4th District ……………,Buffalo DEL 4,85,40,4,129
2013,general,DEL,5,5th District ……………,Buffalo DEL 5,69,51,9,129
2013,general,DEL,6,6th District ……………,Buffalo DEL 6,74,43,7,124
2013,general,DEL,7,7th District ……………,Buffalo DEL 7,107,72,3,182
2013,general,DEL,8,8th District ……………,Buffalo DEL 8,123,96,8,227
2013,general,DEL,9,9th District ……………,Buffalo DEL 9,134,145,16,295
2013,general,DEL,10,10th District ……………,Buffalo DEL 10,58,65,6,129
2013,general,DEL,11,11th District ……………,Buffalo DEL 11,124,71,9,204
2013,general,DEL,12,12th District ……………,Buffalo DEL 12,103,80,4,187
2013,general,DEL,13,13th District ……………,Buffalo DEL 13,68,23,6,97
2013,general,DEL,14,14th District ……………,Buffalo DEL 14,89,53,10,152
2013,general,DEL,15,15th District ……………,Buffalo DEL 15,52,50,5,107
2013,general,DEL,16,16th District ……………,Buffalo DEL 16,158,86,24,268
2013,general,DEL,17,17th District ……………,Buffalo DEL 17,121,106,10,237
2013,general,DEL,18,18th District ……………,Buffalo DEL 18,68,36,2,106
2013,general,DEL,19,19th District ……………,Buffalo DEL 19,92,60,10,162
2013,general,DEL,20,20th District ……………,Buffalo DEL 20,66,74,14,154
2013,general,DEL,21,21st District ……………,Buffalo DEL 21,131,100,14,245
2013,general,DEL,22,22nd District ……………,Buffalo DEL 22,51,51,4,106
2013,general,DEL,23,23rd District ……………,Buffalo DEL 23,112,101,21,234
2013,general,DEL,24,24th District ……………,Buffalo DEL 24,79,62,12,153
2013,general,DEL,25,25th District ……………,Buffalo DEL 25,132,91,12,235
2013,general,DEL,26,26th District ……………,Buffalo DEL 26,106,82,8,196
2013,general,DEL,27,27th District ……………,Buffalo DEL 27,87,19,8,114
2013,general,DEL,28,28th District ……………,Buffalo DEL 28,79,69,3,151
2013,general,DEL,29,29th District ……………,Buffalo DEL 29,100,68,6,174
2013,general,DEL,30,30th District ……………,Buffalo DEL 30,112,116,15,243
2013,general,DEL,31,31st District ……………,Buffalo DEL 31,150,130,15,295
2013,general,DEL,32,32nd District ……………,Buffalo DEL 32,116,150,20,286
2013,general,DEL,33,33rd District ……………,Buffalo DEL 33,86,78,14,178
2013,general,DEL,34,34th District ……………,Buffalo DEL 34,116,127,11,254
2013,general,ELL,1,1st District ……………,Buffalo ELL 1,270,95,17,382
2013,general,ELL,2,2nd District ……………,Buffalo ELL 2,37,38,2,77
2013,general,ELL,3,3rd District ……………,Buffalo ELL 3,140,57,18,215
2013,general,ELL,4,4th District ……………,Buffalo ELL 4,66,2,2,70
2013,general,ELL,5,5th District ……………,Buffalo ELL 5,59,3,0,62
2013,general,ELL,6,6th District ……………,Buffalo ELL 6,79,8,0,87
2013,general,ELL,7,7th District ……………,Buffalo ELL 7,118,4,0,122
2013,general,ELL,8,8th District ……………,Buffalo ELL 8,17,21,0,38
2013,general,ELL,9,9th District ……………,Buffalo ELL 9,23,14,2,39
2013,general,ELL,10,10th District ……………,Buffalo ELL 10,79,21,1,101
2013,general,ELL,11,11th District ……………,Buffalo ELL 11,80,10,0,90
2013,general,ELL,12,12th District ……………,Buffalo ELL 12,155,9,3,167
2013,general,ELL,13,13th District ……………,Buffalo ELL 13,159,10,8,177
2013,general,ELL,14,14th District ……………,Buffalo ELL 14,38,21,2,61
2013,general,ELL,15,15th District ……………,Buffalo ELL 15,77,21,2,100
2013,general,ELL,16,16th District ……………,Buffalo ELL 16,84,38,3,125
2013,general,ELL,17,17th District ……………,Buffalo ELL 17,112,18,2,132
2013,general,ELL,18,18th District ……………,Buffalo ELL 18,65,5,1,71
2013,general,ELL,19,19th District ……………,Buffalo ELL 19,185,14,2,201
2013,general,ELL,20,20th District ……………,Buffalo ELL 20,89,3,0,92
2013,general,ELL,21,21st District ……………,Buffalo ELL 21,128,10,6,144
2013,general,ELL,22,22nd District ……………,Buffalo ELL 22,170,11,1,182
2013,general,ELL,23,23rd District ……………,Buffalo ELL 23,92,5,3,100
2013,general,ELL,24,24th District ……………,Buffalo ELL 24,19,18,0,37
2013,general,ELL,25,25th District ……………,Buffalo ELL 25,29,34,5,68
2013,general,ELL,26,26th District ……………,Buffalo ELL 26,217,21,6,244
2013,general,ELL,27,27th District ……………,Buffalo ELL 27,106,3,2,111
2013,general,ELL,28,28th District ……………,Buffalo ELL 28,128,8,0,136
2013,general,ELL,29,29th District ……………,Buffalo ELL 29,184,22,3,209
2013,general,ELL,30,30th District ……………,Buffalo ELL 30,86,6,3,95
2013,general,ELL,31,31st District ……………,Buffalo ELL 31,198,15,5,218
2013,general,ELL,32,32nd District ……………,Buffalo ELL 32,59,8,3,70
2013,general,ELL,33,33rd District ……………,Buffalo ELL 33,43,37,5,85
2013,general,ELL,34,34th District ……………,Buffalo ELL 34,41,17,0,58
2013,general,ELL,35,35th District ……………,Buffalo ELL 35,138,46,5,189
2013,general,ELL,36,36th District ……………,Buffalo ELL 36,34,20,0,54
2013,general,FIL,1,1st District ……………,Buffalo FIL 1,81,86,5,172
2013,general,FIL,2,2nd District ……………,Buffalo FIL 2,63,66,11,140
2013,general,FIL,3,3rd District ……………,Buffalo FIL 3,76,49,5,130
2013,general,FIL,4,4th District ……………,Buffalo FIL 4,46,26,7,79
2013,general,FIL,5,5th District ……………,Buffalo FIL 5,76,67,12,155
2013,general,FIL,6,6th District ……………,Buffalo FIL 6,11,9,0,20
2013,general,FIL,7,7th District ……………,Buffalo FIL 7,80,36,9,125
2013,general,FIL,8,8th District ……………,Buffalo FIL 8,161,121,14,296
2013,general,FIL,9,9th District ……………,Buffalo FIL 9,63,4,0,67
2013,general,FIL,10,10th District ……………,Buffalo FIL 10,151,12,8,171
2013,general,FIL,11,11th District ……………,Buffalo FIL 11,275,18,5,298
2013,general,FIL,12,12th District ……………,Buffalo FIL 12,6,7,0,13
2013,general,FIL,13,13th District ……………,Buffalo FIL 13,160,101,6,267
2013,general,FIL,14,14th District ……………,Buffalo FIL 14,70,55,0,125
2013,general,FIL,15,15th District ……………,Buffalo FIL 15,40,18,1,59
2013,general,FIL,16,16th District ……………,Buffalo FIL 16,25,10,0,35
2013,general,FIL,17,17th District ……………,Buffalo FIL 17,16,8,0,24
2013,general,FIL,18,18th District ……………,Buffalo FIL 18,104,32,4,140
2013,general,FIL,19,19th District ……………,Buffalo FIL 19,87,44,3,134
2013,general,FIL,20,20th District ……………,Buffalo FIL 20,136,16,0,152
2013,general,FIL,21,21st District ……………,Buffalo FIL 21,54,8,1,63
2013,general,FIL,22,22nd District ……………,Buffalo FIL 22,26,3,0,29
2013,general,FIL,23,23rd District ……………,Buffalo FIL 23,22,11,3,36
2013,general,FIL,24,24th District ……………,Buffalo FIL 24,42,12,1,55
2013,general,FIL,25,25th District ……………,Buffalo FIL 25,84,28,2,114
2013,general,FIL,26,26th District ……………,Buffalo FIL 26,50,5,1,56
2013,general,FIL,27,27th District ……………,Buffalo FIL 27,68,13,2,83
2013,general,FIL,28,28th District ……………,Buffalo FIL 28,74,14,2,90
2013,general,FIL,29,29th District ……………,Buffalo FIL 29,115,9,2,126
2013,general,FIL,30,30th District ……………,Buffalo FIL 30,78,16,4,98
2013,general,FIL,31,31st District ……………,Buffalo FIL 31,61,3,4,68
2013,general,FIL,32,32nd District ……………,Buffalo FIL 32,58,17,1,76
2013,general,FIL,33,33rd District ……………,Buffalo FIL 33,67,3,0,70
2013,general,FIL,34,34th District ……………,Buffalo FIL 34,47,3,3,53
2013,general,FIL,35,35th District ……………,Buffalo FIL 35,79,6,2,87
2013,general,LOV,1,1st District ……………,Buffalo LOV 1,47,4,1,52
2013,general,LOV,2,2nd District ……………,Buffalo LOV 2,13,1,0,14
2013,general,LOV,3,3rd District ……………,Buffalo LOV 3,121,11,3,135
2013,general,LOV,4,4th District ……………,Buffalo LOV 4,101,10,1,112
2013,general,LOV,5,5th District ……………,Buffalo LOV 5,84,7,2,93
2013,general,LOV,6,6th District ……………,Buffalo LOV 6,106,19,4,129
2013,general,LOV,7,7th District ……………,Buffalo LOV 7,55,7,3,65
2013,general,LOV,8,8th District ……………,Buffalo LOV 8,34,7,2,43
2013,general,LOV,9,9th District ……………,Buffalo LOV 9,100,7,1,108
2013,general,LOV,10,10th District ……………,Buffalo LOV 10,55,21,2,78
2013,general,LOV,11,11th District ……………,Buffalo LOV 11,51,5,0,56
2013,general,LOV,12,12th District ……………,Buffalo LOV 12,87,24,2,113
2013,general,LOV,13,13th District ……………,Buffalo LOV 13,85,14,6,105
2013,general,LOV,14,14th District ……………,Buffalo LOV 14,152,34,4,190
2013,general,LOV,15,15th District ……………,Buffalo LOV 15,39,36,2,77
2013,general,LOV,16,16th District ……………,Buffalo LOV 16,94,63,10,167
2013,general,LOV,17,17th District ……………,Buffalo LOV 17,91,63,4,158
2013,general,LOV,18,18th District ……………,Buffalo LOV 18,55,49,1,105
2013,general,LOV,19,19th District ……………,Buffalo LOV 19,26,20,1,47
2013,general,LOV,20,20th District ……………,Buffalo LOV 20,44,37,4,85
2013,general,LOV,21,21st District ……………,Buffalo LOV 21,26,30,4,60
2013,general,LOV,22,22nd District ……………,Buffalo LOV 22,13,8,0,21
2013,general,LOV,23,23rd District ……………,Buffalo LOV 23,36,40,5,81
2013,general,LOV,24,24th District ……………,Buffalo LOV 24,99,75,5,179
2013,general,LOV,25,25th District ……………,Buffalo LOV 25,1,0,0,1
2013,general,LOV,26,26th District ……………,Buffalo LOV 26,39,19,1,59
2013,general,LOV,27,27th District ……………,Buffalo LOV 27,9,6,1,16
2013,general,LOV,28,28th District ……………,Buffalo LOV 28,75,85,9,169
2013,general,LOV,29,29th District ……………,Buffalo LOV 29,109,74,6,189
2013,general,LOV,30,30th District ……………,Buffalo LOV 30,117,90,8,215
2013,general,LOV,31,31st District ……………,Buffalo LOV 31,115,94,7,216
2013,general,LOV,32,32nd District ……………,Buffalo LOV 32,18,11,1,30
2013,general,MAS,1,1st District ……………,Buffalo MAS 1,127,11,6,144
2013,general,MAS,2,2nd District ……………,Buffalo MAS 2,36,27,3,66
2013,general,MAS,3,3rd District ……………,Buffalo MAS 3,180,12,1,193
2013,general,MAS,4,4th District ……………,Buffalo MAS 4,154,11,1,166
2013,general,MAS,5,5th District ……………,Buffalo MAS 5,11,1,0,12
2013,general,MAS,6,6th District ……………,Buffalo MAS 6,50,2,2,54
2013,general,MAS,7,7th District ……………,Buffalo MAS 7,160,13,6,179
2013,general,MAS,8,8th District ……………,Buffalo MAS 8,89,9,1,99
2013,general,MAS,9,9th District ……………,Buffalo MAS 9,85,8,1,94
2013,general,MAS,10,10th District ……………,Buffalo MAS 10,71,12,1,84
2013,general,MAS,11,11th District ……………,Buffalo MAS 11,173,7,3,183
2013,general,MAS,12,12th District ……………,Buffalo MAS 12,177,8,2,187
2013,general,MAS,13,13th District ……………,Buffalo MAS 13,132,5,3,140
2013,general,MAS,14,14th District ……………,Buffalo MAS 14,80,13,1,94
2013,general,MAS,15,15th District ……………,Buffalo MAS 15,73,8,1,82
2013,general,MAS,16,16th District ……………,Buffalo MAS 16,86,2,1,89
2013,general,MAS,17,17th District ……………,Buffalo MAS 17,83,10,4,97
2013,general,MAS,18,18th District ……………,Buffalo MAS 18,89,8,2,99
2013,general,MAS,19,19th District ……………,Buffalo MAS 19,133,10,1,144
2013,general,MAS,20,20th District ……………,Buffalo MAS 20,158,11,4,173
2013,general,MAS,21,21st District ……………,Buffalo MAS 21,125,5,1,131
2013,general,MAS,22,22nd District ……………,Buffalo MAS 22,90,9,2,101
2013,general,MAS,23,23rd District ……………,Buffalo MAS 23,235,10,4,249
2013,general,MAS,24,24th District ……………,Buffalo MAS 24,216,19,2,237
2013,general,MAS,25,25th District ……………,Buffalo MAS 25,99,3,1,103
2013,general,MAS,26,26th District ……………,Buffalo MAS 26,70,2,2,74
2013,general,MAS,27,27th District ……………,Buffalo MAS 27,196,20,3,219
2013,general,MAS,28,28th District ……………,Buffalo MAS 28,141,10,1,152
2013,general,MAS,29,29th District ……………,Buffalo MAS 29,114,6,2,122
2013,general,MAS,30,30th District ……………,Buffalo MAS 30,101,4,1,106
2013,general,MAS,31,31st District ……………,Buffalo MAS 31,48,3,0,51
2013,general,MAS,32,32nd District ……………,Buffalo MAS 32,115,10,2,127
2013,general,MAS,33,33rd District ……………,Buffalo MAS 33,151,10,4,165
2013,general,MAS,34,34th District ……………,Buffalo MAS 34,44,4,1,49
2013,general,MAS,35,35th District ……………,Buffalo MAS 35,101,2,3,106
2013,general,MAS,36,36th District ……………,Buffalo MAS 36,99,13,1,113
2013,general,MAS,37,37th District ……………,Buffalo MAS 37,26,0,0,26
2013,general,MAS,38,38th District ……………,Buffalo MAS 38,100,8,1,109
2013,general,MAS,39,39th District ……………,Buffalo MAS 39,27,3,0,30
2013,general,MAS,40,40th District ……………,Buffalo MAS 40,91,3,1,95
2013,general,MAS,41,41st District ……………,Buffalo MAS 41,42,2,0,44
2013,general,MAS,42,42nd District ……………,Buffalo MAS 42,103,11,3,117
2013,general,NIA,1,1st District ……………,Buffalo NIA 1,36,30,5,71
2013,general,NIA,2,2nd District ……………,Buffalo NIA 2,71,57,6,134
2013,general,NIA,3,3rd District ……………,Buffalo NIA 3,22,21,0,43
2013,general,NIA,4,4th District ……………,Buffalo NIA 4,15,6,1,22
2013,general,NIA,5,5th District ……………,Buffalo NIA 5,76,52,0,128
2013,general,NIA,6,6th District ……………,Buffalo NIA 6,75,58,2,135
2013,general,NIA,7,7th District ……………,Buffalo NIA 7,50,30,2,82
2013,general,NIA,8,8th District ……………,Buffalo NIA 8,65,21,3,89
2013,general,NIA,9,9th District ……………,Buffalo NIA 9,109,68,4,181
2013,general,NIA,10,10th District ……………,Buffalo NIA 10,49,18,3,70
2013,general,NIA,11,11th District ……………,Buffalo NIA 11,48,31,5,84
2013,general,NIA,12,12th District ……………,Buffalo NIA 12,76,47,1,124
2013,general,NIA,13,13th District ……………,Buffalo NIA 13,47,21,4,72
2013,general,NIA,14,14th District ……………,Buffalo NIA 14,87,63,8,158
2013,general,NIA,15,15th District ……………,Buffalo NIA 15,33,33,4,70
2013,general,NIA,16,16th District ……………,Buffalo NIA 16,64,25,3,92
2013,general,NIA,17,17th District ……………,Buffalo NIA 17,16,13,2,31
2013,general,NIA,18,18th District ……………,Buffalo NIA 18,107,98,11,216
2013,general,NIA,19,19th District ……………,Buffalo NIA 19,144,162,11,317
2013,general,NIA,20,20th District ……………,Buffalo NIA 20,17,8,0,25
2013,general,NIA,21,21st District ……………,Buffalo NIA 21,102,56,4,162
2013,general,NIA,22,22nd District ……………,Buffalo NIA 22,33,12,4,49
2013,general,NIA,23,23rd District ……………,Buffalo NIA 23,45,33,4,82
2013,general,NIA,24,24th District ……………,Buffalo NIA 24,87,65,7,159
2013,general,NIA,25,25th District ……………,Buffalo NIA 25,121,74,14,209
2013,general,NIA,26,26th District ……………,Buffalo NIA 26,58,43,5,106
2013,general,NIA,27,27th District ……………,Buffalo NIA 27,34,27,0,61
2013,general,NIA,28,28th District ……………,Buffalo NIA 28,59,45,5,109
2013,general,NOR,1,1st District ……………,Buffalo NOR 1,84,46,9,139
2013,general,NOR,2,2nd District ……………,Buffalo NOR 2,91,53,4,148
2013,general,NOR,3,3rd District ……………,Buffalo NOR 3,50,17,0,67
2013,general,NOR,4,4th District ……………,Buffalo NOR 4,56,27,3,86
2013,general,NOR,5,5th District ……………,Buffalo NOR 5,75,35,4,114
2013,general,NOR,6,6th District ……………,Buffalo NOR 6,69,37,4,110
2013,general,NOR,7,7th District ……………,Buffalo NOR 7,55,24,2,81
2013,general,NOR,8,8th District ……………,Buffalo NOR 8,7,8,0,15
2013,general,NOR,9,9th District ……………,Buffalo NOR 9,93,42,5,140
2013,general,NOR,10,10th District ……………,Buffalo NOR 10,60,44,2,106
2013,general,NOR,11,11th District ……………,Buffalo NOR 11,84,51,4,139
2013,general,NOR,12,12th District ……………,Buffalo NOR 12,116,50,3,169
2013,general,NOR,13,13th District ……………,Buffalo NOR 13,77,28,3,108
2013,general,NOR,14,14th District ……………,Buffalo NOR 14,36,34,1,71
2013,general,NOR,15,15th District ……………,Buffalo NOR 15,24,10,0,34
2013,general,NOR,16,16th District ……………,Buffalo NOR 16,53,34,2,89
2013,general,NOR,17,17th District ……………,Buffalo NOR 17,97,26,6,129
2013,general,NOR,18,18th District ……………,Buffalo NOR 18,82,41,1,124
2013,general,NOR,19,19th District ……………,Buffalo NOR 19,66,23,1,90
2013,general,NOR,20,20th District ……………,Buffalo NOR 20,116,94,9,219
2013,general,NOR,21,21st District ……………,Buffalo NOR 21,70,32,4,106
2013,general,NOR,22,22nd District ……………,Buffalo NOR 22,30,15,2,47
2013,general,NOR,23,23rd District ……………,Buffalo NOR 23,180,89,7,276
2013,general,NOR,24,24th District ……………,Buffalo NOR 24,72,71,7,150
2013,general,NOR,25,25th District ……………,Buffalo NOR 25,33,30,0,63
2013,general,NOR,26,26th District ……………,Buffalo NOR 26,29,8,3,40
2013,general,NOR,27,27th District ……………,Buffalo NOR 27,16,17,2,35
2013,general,SOU,1,1st District ……………,Buffalo SOU 1,42,25,1,68
2013,general,SOU,2,2nd District ……………,Buffalo SOU 2,161,103,14,278
2013,general,SOU,3,3rd District ……………,Buffalo SOU 3,64,50,9,123
2013,general,SOU,4,4th District ……………,Buffalo SOU 4,73,72,3,148
2013,general,SOU,5,5th District ……………,Buffalo SOU 5,137,86,11,234
2013,general,SOU,6,6th District ……………,Buffalo SOU 6,81,49,11,141
2013,general,SOU,7,7th District ……………,Buffalo SOU 7,65,40,3,108
2013,general,SOU,8,8th District ……………,Buffalo SOU 8,58,64,9,131
2013,general,SOU,9,9th District ……………,Buffalo SOU 9,94,69,4,167
2013,general,SOU,10,10th District ……………,Buffalo SOU 10,79,46,8,133
2013,general,SOU,11,11th District ……………,Buffalo SOU 11,145,131,13,289
2013,general,SOU,12,12th District ……………,Buffalo SOU 12,93,88,3,184
2013,general,SOU,13,13th District ……………,Buffalo SOU 13,71,45,12,128
2013,general,SOU,14,14th District ……………,Buffalo SOU 14,82,70,8,160
2013,general,SOU,15,15th District ……………,Buffalo SOU 15,81,46,6,133
2013,general,SOU,16,16th District ……………,Buffalo SOU 16,90,98,9,197
2013,general,SOU,17,17th District ……………,Buffalo SOU 17,133,96,10,239
2013,general,SOU,18,18th District ……………,Buffalo SOU 18,160,85,13,258
2013,general,SOU,19,19th District ……………,Buffalo SOU 19,23,32,4,59
2013,general,SOU,20,20th District ……………,Buffalo SOU 20,47,35,5,87
2013,general,SOU,21,21st District ……………,Buffalo SOU 21,59,27,5,91
2013,general,SOU,22,22nd District ……………,Buffalo SOU 22,86,68,7,161
2013,general,SOU,23,23rd District ……………,Buffalo SOU 23,118,61,9,188
2013,general,SOU,24,24th District ……………,Buffalo SOU 24,129,104,18,251
2013,general,SOU,25,25th District ……………,Buffalo SOU 25,190,124,19,333
2013,general,SOU,26,26th District ……………,Buffalo SOU 26,78,80,9,167
2013,general,SOU,27,27th District ……………,Buffalo SOU 27,96,65,6,167
2013,general,SOU,28,28th District ……………,Buffalo SOU 28,166,145,23,334
2013,general,SOU,29,29th District ……………,Buffalo SOU 29,69,63,7,139
2013,general,SOU,30,30th District ……………,Buffalo SOU 30,140,109,16,265
2013,general,UNI,1,1st District ……………,Buffalo UNI 1,54,38,2,94
2013,general,UNI,2,2nd District ……………,Buffalo UNI 2,121,61,6,188
2013,general,UNI,3,3rd District ……………,Buffalo UNI 3,131,89,13,233
2013,general,UNI,4,4th District ……………,Buffalo UNI 4,73,42,3,118
2013,general,UNI,5,5th District ……………,Buffalo UNI 5,91,53,5,149
2013,general,UNI,6,6th District ……………,Buffalo UNI 6,32,19,3,54
2013,general,UNI,7,7th District ……………,Buffalo UNI 7,152,127,12,291
2013,general,UNI,8,8th District ……………,Buffalo UNI 8,44,17,2,63
2013,general,UNI,9,9th District ……………,Buffalo UNI 9,35,15,1,51
2013,general,UNI,10,10th District ……………,Buffalo UNI 10,214,51,4,269
2013,general,UNI,11,11th District ……………,Buffalo UNI 11,104,30,1,135
2013,general,UNI,12,12th District ……………,Buffalo UNI 12,226,34,4,264
2013,general,UNI,13,13th District ……………,Buffalo UNI 13,208,22,3,233
2013,general,UNI,14,14th District ……………,Buffalo UNI 14,109,25,5,139
2013,general,UNI,15,15th District ……………,Buffalo UNI 15,148,12,7,167
2013,general,UNI,16,16th District ……………,Buffalo UNI 16,161,10,3,174
2013,general,UNI,17,17th District ……………,Buffalo UNI 17,130,32,4,166
2013,general,UNI,18,18th District ……………,Buffalo UNI 18,61,9,0,70
2013,general,UNI,19,19th District ……………,Buffalo UNI 19,160,19,2,181
2013,general,UNI,20,20th District ……………,Buffalo UNI 20,112,11,5,128
2013,general,UNI,21,21st District ……………,Buffalo UNI 21,185,17,1,203
2013,general,UNI,22,22nd District ……………,Buffalo UNI 22,128,15,4,147
2013,general,UNI,23,23rd District ……………,Buffalo UNI 23,136,17,4,157
2013,general,UNI,24,24th District ……………,Buffalo UNI 24,177,15,2,194
2013,general,UNI,25,25th District ……………,Buffalo UNI 25,236,21,4,261
2013,general,UNI,26,26th District ……………,Buffalo UNI 26,136,10,0,146
2013,general,UNI,27,27th District ……………,Buffalo UNI 27,61,4,1,66
